{
  "SiteLocations": [{
      "Name": "CARGILL GHANA LTD",
      "city": "SÃO PAULO",
      "lat": -23.54867,
      "long": -46.638248
    },
    {
      "Name": "CARGILL, INCORPORATED",
      "city": "Dongguan City",
      "lat": 23.050831,
      "long": 113.742783
    },
    {
      "Name": "Berry Plastics Group, Inc.",
      "city": "JUNDIAI",
      "lat": -23.18708,
      "long": -46.884048
    },
    {
      "Name": "IPG",
      "city": "NOVI",
      "lat": 42.46659,
      "long": -83.4747
    },
    {
      "Name": "AT&T CORP.",
      "city": "ROCHESTER HILLS",
      "lat": 42.6524,
      "long": -83.13256
    },
    {
      "Name": "CLYDE MACHINES, INC.",
      "city": "SOLBERGELVA",
      "lat": 59.76228,
      "long": 10.0938
    },
    {
      "Name": "ESRP ADVISORY DALLAS, LLC",
      "city": "Traun",
      "lat": 48.22105,
      "long": 14.23712
    },
    {
      "Name": "GLOBAL GROUND SUPPORT, LLC",
      "city": "WAKEFIELD",
      "lat": 53.682968,
      "long": -1.4991
    },
    {
      "Name": "HARRIS & FORD, LLC",
      "city": "Chadonnet",
      "lat": 46.01515,
      "long": 2.64043
    },
    {
      "Name": "INTERFACE, INC.",
      "city": "Teichstrasse",
      "lat": 48.01521,
      "long": 15.44123
    },
    {
      "Name": "JOHN BEAN TECHNOLOGIES CORPORATION",
      "city": "HERNING",
      "lat": 56.13848,
      "long": 8.97318
    },
    {
      "Name": "MILLIKEN & COMPANY",
      "city": "MALMOE",
      "lat": 55.60331,
      "long": 13.00131
    },
    {
      "Name": "PURECIRCLE USA INC.",
      "city": "MOUNT PROSPECT",
      "lat": 42.066417,
      "long": -87.937291
    },
    {
      "Name": "QUALITY SAUSAGE COMPANY, INC.",
      "city": "CONROE",
      "lat": 30.3130406,
      "long": -95.458138
    },
    {
      "Name": "RECORD PRINTING CO., INC. OF STORY CITY",
      "city": "Orem",
      "lat": -16.2808033,
      "long": -52.5075302
    },
    {
      "Name": "Rousselot Dubuque Inc.",
      "city": "Inglewood",
      "lat": -14.22926448,
      "long": -53.47451347
    },
    {
      "Name": "SAGE PARTS PLUS, INC.",
      "city": "Sunrise",
      "lat": 0.03483369,
      "long": -55.62318953
    },
    {
      "Name": "SQC, LLC",
      "city": "Dayton",
      "lat": -20.14802224,
      "long": -49.94023374
    },
    {
      "Name": "TONY DOWNS FOODS CO.",
      "city": "Providence",
      "lat": -2.85425454,
      "long": -67.15501699
    },
    {
      "Name": "TRANSPERFECT, INC.",
      "city": "Santo Domingo",
      "lat": 1.53675179,
      "long": -59.04880491
    },
    {
      "Name": "Thompsons Limited",
      "city": "Wilshire Park",
      "lat": 0.24880335,
      "long": -60.15527867
    },
    {
      "Name": "Kelly Services (Parent)",
      "city": "Four Corners",
      "lat": -8.89932057,
      "long": -48.17229583
    },
    {
      "Name": "Thermo Fisher Scientific",
      "city": "Bern",
      "lat": 1.39350634,
      "long": -52.49923041
    },
    {
      "Name": "UPS",
      "city": "Chisinau",
      "lat": -8.51703135,
      "long": -46.15223241
    },
    {
      "Name": "CBRE Group Inc.",
      "city": "Honolulu",
      "lat": -12.11119553,
      "long": -49.52819547
    },
    {
      "Name": "Gel",
      "city": "Bishkek",
      "lat": -19.82691148,
      "long": -55.16539442
    },
    {
      "Name": "ESSENTRA INDUSTRIA E COMERCIO LTDA",
      "city": "Astoria",
      "lat": 25.3977796,
      "long": 97.21345051
    },
    {
      "Name": "EWES Asia Pacific HK Ltd",
      "city": "Sawgrass Mills Mal",
      "lat": 36.47535794,
      "long": 102.92880082
    },
    {
      "Name": "FLORICULTURA VILLA BELLA LTDA ME",
      "city": "Alofi",
      "lat": 48.05293826,
      "long": 98.68713686
    },
    {
      "Name": "POTBELLY SANDWICH SHOP (POTBELLY  CORPORATION)",
      "city": "Alta",
      "lat": 26.15922483,
      "long": 96.38050102
    },
    {
      "Name": "3 DIMENSIONAL SERVICES",
      "city": "Back Bay",
      "lat": 42.73964022,
      "long": 106.47842557
    },
    {
      "Name": "3A PRODUKTER ASBJØRN ANTONSEN",
      "city": "Port-au-Prince",
      "lat": 44.28391016,
      "long": 96.57541846
    },
    {
      "Name": "3D - Messtechnik GmbH",
      "city": "Richmond",
      "lat": 32.1074647,
      "long": 91.64259272
    },
    {
      "Name": "5 STAR LOCAL CARS",
      "city": "Renton",
      "lat": 29.35981331,
      "long": 93.37341118
    },
    {
      "Name": "A RAYMOND FLUID CONNECTION FRANCE",
      "city": "New Rochelle",
      "lat": 31.89071701,
      "long": 106.70469965
    },
    {
      "Name": "A. RAYMOND GMBH & CO. KG",
      "city": "San Bernardino",
      "lat": 38.90942586,
      "long": 92.32478523
    },
    {
      "Name": "A/S JYDSK ALUMINIUM INDUSTRI",
      "city": "Tokyo",
      "lat": 25.55493909,
      "long": 89.17619584
    },
    {
      "Name": "JARLE HUSEBY GRAVESERVICE",
      "city": "Beaverton",
      "lat": 33.15984257,
      "long": 107.72177199
    },
    {
      "Name": "JESSE HENRIKSON",
      "city": "Manoa",
      "lat": 22.01318726,
      "long": 101.24760147
    },
    {
      "Name": "I.T. SUPRIMENTOS LTDA.-EPP",
      "city": "Gastonia",
      "lat": 22.16958554,
      "long": 93.45191316
    },
    {
      "Name": "MONS BRYNILDSRUD MASKIN",
      "city": "Jackson",
      "lat": 27.65966822,
      "long": 101.85577309
    },
    {
      "Name": "MULT COMERCIAL LTDA",
      "city": "Mesquite",
      "lat": 25.90909436,
      "long": 91.91286582
    },
    {
      "Name": "PPO SK s.r.o.",
      "city": "Richardson",
      "lat": 25.63311747,
      "long": 87.58399047
    },
    {
      "Name": "QT-BRIGHTEK CORPORATION",
      "city": "Grafton",
      "lat": 42.44323814,
      "long": 105.15448349
    },
    {
      "Name": "RL SISTEMAS DE HIGIENE LTDA.",
      "city": "Reno",
      "lat": 21.23164395,
      "long": 95.18462931
    },
    {
      "Name": "Schuchart Tief- und Straßenbau",
      "city": "Tucson",
      "lat": 22.94450882,
      "long": 99.20976316
    },
    {
      "Name": "SERTHI HIDRAULICA LTDA",
      "city": "Bearden",
      "lat": 28.93620881,
      "long": 12.83267198
    },
    {
      "Name": "STOLBERGER INCORPORATED DBA",
      "city": "Washington Heights",
      "lat": 24.46781875,
      "long": 34.23178557
    },
    {
      "Name": "TERUKO TANAKA - ME",
      "city": "Des Plaines",
      "lat": 39.12729355,
      "long": 19.98003495
    },
    {
      "Name": "Texcentrum s. r. o",
      "city": "Waterloo",
      "lat": 36.74943138,
      "long": 34.61028458
    },
    {
      "Name": "Geld Inc",
      "city": "Southpark Mall",
      "lat": 39.61078732,
      "long": 36.29381765
    },
    {
      "Name": "Bankkártyás fizetés",
      "city": "Timbuktu",
      "lat": 16.35109437,
      "long": 20.32736636
    },
    {
      "Name": "DER GEGENPOL",
      "city": "Flour Bluff",
      "lat": 30.88092816,
      "long": 24.96397433
    },
    {
      "Name": "(HWL) Chongqing Hengweilin Automotive",
      "city": "Palmyra",
      "lat": 40.91068006,
      "long": 17.15113254
    },
    {
      "Name": "(Shanghai Pudong) PULU Hardware",
      "city": "Ames",
      "lat": 40.030781,
      "long": -93.631912
    },
    {
      "Name": "(Shanghai Pudong) PUYU Industry",
      "city": "Nampa",
      "lat": 43.585320,
      "long": -116.573578
    },
    {
      "Name": "(Shijiazhuang Yecheng) DAYING",
      "city": "Nairobi",
      "lat": 17.13052565,
      "long": 17.1182369
    },
    {
      "Name": "(Yancheng Economic Devlp. Zone)",
      "city": "Sigma",
      "lat": 17.62265624,
      "long": 29.6111666
    },
    {
      "Name": "(Zhejiang Cixi) JINGFENG",
      "city": "Zhejiang",
      "lat": 29.159849,
      "long": 120.326447
    },
    {
      "Name": "(Zhejiang Yuhuan County) XIANDAI",
      "city": "Yuhuan",
      "lat": 28.139508,
      "long": 121.227642
    },
    {
      "Name": "1 STOP JETTING LIMITED",
      "city": "Ballarpur",
      "lat": 19.849899,
      "long": 79.347900
    },
    {
      "Name": "1&1 Internet Inc",
      "city": "Inglewood",
      "lat": 33.961681,
      "long": -118.353134
    },
    {
      "Name": "1. Plastcompany, spol. s.r.o.",
      "city": "Ponce",
      "lat": 18.011078,
      "long": -66.614059
    },
    {
      "Name": "1000 MARCAS LTDA",
      "city": "Los Serranos",
      "lat": 39.759924,
      "long": -0.967207
    },
    {
      "Name": "1001 SERVIÇOS FECILITES EIRELI-ME",
      "city": "Gold Coast",
      "lat": -28.016666,
      "long": 153.399994
    },
    {
      "Name": "123 preklady.eu Slovakia, s.r.o.",
      "city": "Sihla",
      "lat": 48.657583,
      "long": 19.646820
    },
    {
      "Name": "24 FIRE AND SECURITY LTD",
      "city": "Farmington",
      "lat": 52.46349377,
      "long": 18.03972954
    },
    {
      "Name": "247 LOGISTIC AB",
      "city": "Chisinau",
      "lat": 56.75161173,
      "long": 40.52158985
    },
    {
      "Name": "2a CAD GLOBAL GROUP SL",
      "city": "Harlem",
      "lat": 70.5562756,
      "long": 98.30315647
    },
    {
      "Name": "2Am Group LLC",
      "city": "Columbia",
      "lat": 70.15676441,
      "long": 113.26068056
    },
    {
      "Name": "2CPRINT",
      "city": "Montgomery",
      "lat": 61.52789182,
      "long": 92.7701364
    },
    {
      "Name": "2Mservices s.r.o..",
      "city": "Nicosia",
      "lat": 49.44228726,
      "long": 96.30035648
    },
    {
      "Name": "2R SRL",
      "city": "Perth",
      "lat": -31.950527,
      "long": 115.860458
    },
    {
      "Name": "3D - Messtechnik GmbH",
      "city": "Edmonton",
      "lat": 53.544388,
      "long": -113.490929
    },
    {
      "Name": "3D METRISOFT SA DE CV",
      "city": "Carlsbad",
      "lat": 50.39561532,
      "long": 114.66592479
    },
    {
      "Name": "Cognizant Technology Solutions Lithuania UAB",
      "city": "Lisbon",
      "lat": 67.009476,
      "long": -50.721149
    },
    {
      "Name": "3D prototipai, UAB",
      "city": "Asheville",
      "lat": 50.22673429,
      "long": 92.3900583
    },
    {
      "Name": "3D SCANNERS (UK) LTD.",
      "city": "Chino Hills",
      "lat": 49.27829807,
      "long": 110.48519148
    },
    {
      "Name": "3D SCANTECH LTD",
      "city": "La Crosse",
      "lat": 73.06296101,
      "long": 97.92837295
    },
    {
      "Name": "3D SORTING",
      "city": "Longreach",
      "lat": -23.440769,
      "long": 144.255692
    },
    {
      "Name": "3d Systems  Inc",
      "city": "Todt Hill",
      "lat": 51.92373776,
      "long": 115.43265672
    },
    {
      "Name": "3D Systems Corp",
      "city": "LANE, FRESHFIELD, FORMBYMERSEYSIDE      ",
      "lat": 51.024,
      "long": -0.01506
    },
    {
      "Name": "3d Systems  Inc",
      "city": "SÃO PAULO",
      "lat": -23.54867,
      "long": -46.638248
    },
    {
      "Name": "Three-Dimensional Services Inc",
      "city": "Dongguan City",
      "lat": 23.050831,
      "long": 113.742783
    },
    {
      "Name": "3J-3D int, s.r.o.",
      "city": "JUNDIAI",
      "lat": -23.18708,
      "long": -46.884048
    },
    {
      "Name": "3L HOTMELT AB",
      "city": "NOVI",
      "lat": 42.46659,
      "long": -83.4747
    },
    {
      "Name": "3m Svenska AB",
      "city": "ROCHESTER HILLS",
      "lat": 42.6524,
      "long": -83.13256
    },
    {
      "Name": "3m Svenska AB",
      "city": "SOLBERGELVA",
      "lat": 59.76228,
      "long": 10.0938
    },
    {
      "Name": "3M Gulf Ltd (Dubai Branch)",
      "city": "Traun",
      "lat": 48.22105,
      "long": 14.23712
    },
    {
      "Name": "3M Poland sp. z o.o.",
      "city": "WAKEFIELD",
      "lat": 53.682968,
      "long": -1.4991
    },
    {
      "Name": "3P",
      "city": "Chadonnet",
      "lat": 46.01515,
      "long": 2.64043
    },
    {
      "Name": "3PACK group a.s.",
      "city": "Teichstrasse",
      "lat": 48.01521,
      "long": 15.44123
    },
    {
      "Name": "3ST AB",
      "city": "HERNING",
      "lat": 56.13848,
      "long": 8.97318
    },
    {
      "Name": "4 ELEMENTS,INC",
      "city": "MALMOE",
      "lat": 55.60331,
      "long": 13.00131
    },
    {
      "Name": "Marks and Spencer Hungary Kft",
      "city": "Cegled",
      "lat": 47.171645,
      "long": 19.797752
    },
    {
      "Name": "407 ETR Concession Company Ltd",
      "city": "CONROE",
      "lat": 30.3130406,
      "long": -95.458138
    },
    {
      "Name": "42 THE BAKE HOUSE",
      "city": "Gjoa Haven",
      "lat": 68.633553,
      "long": -95.864059
    },
    {
      "Name": "444 plus s.r.o.",
      "city": "Inglewood",
      "lat": -14.22926448,
      "long": -53.47451347
    },
    {
      "Name": "48:ANS TAXI",
      "city": "Sunrise",
      "lat": 0.03483369,
      "long": -55.62318953
    },
    {
      "Name": "4CE",
      "city": "Dayton",
      "lat": -20.14802224,
      "long": -49.94023374
    },
    {
      "Name": "EKOSTAVBY s.r.o.",
      "city": "Providence",
      "lat": -2.85425454,
      "long": -67.15501699
    },
    {
      "Name": "ELAN NORGE AS",
      "city": "Santo Domingo",
      "lat": 1.53675179,
      "long": -59.04880491
    },
    {
      "Name": "eMAG SOLUTIONS",
      "city": "Wilshire Park",
      "lat": 0.24880335,
      "long": -60.15527867
    },
    {
      "Name": "EMS-GRIVORY",
      "city": "Four Corners",
      "lat": -8.89932057,
      "long": -48.17229583
    },
    {
      "Name": "ENVIROCARE TECHNICAL CONS.",
      "city": "Bern",
      "lat": 1.39350634,
      "long": -52.49923041
    },
    {
      "Name": "ESPINOSA CASTILLO ARMANDO",
      "city": "Chisinau",
      "lat": -8.51703135,
      "long": -46.15223241
    },
    {
      "Name": "ES-RA Vertriebs GmbH",
      "city": "Honolulu",
      "lat": 21.306944,
      "long": -157.858337
    },
    {
      "Name": "EXPEDITORS INTL/NEW YORK",
      "city": "Bishkek",
      "lat": -19.82691148,
      "long": -55.16539442
    },
    {
      "Name": "FASTEN GROUP IMP. & EXP. CO., LTD.",
      "city": "Astoria",
      "lat": 25.3977796,
      "long": 97.21345051
    },
    {
      "Name": "FATATI-BTR-SWEDEN AB",
      "city": "Sawgrass Mills Mal",
      "lat": 36.47535794,
      "long": 102.92880082
    },
    {
      "Name": "FEDEX",
      "city": "Alofi",
      "lat": 48.05293826,
      "long": 98.68713686
    },
    {
      "Name": "FIRST HORIZON INS GRP-TN",
      "city": "Alta",
      "lat": 26.15922483,
      "long": 96.38050102
    },
    {
      "Name": "Fong Chen Plastic Technology Ind.",
      "city": "Back Bay",
      "lat": 42.73964022,
      "long": 106.47842557
    },
    {
      "Name": "FURNITURE WORLD",
      "city": "Port-au-Prince",
      "lat": 44.28391016,
      "long": 96.57541846
    },
    {
      "Name": "G B SERVICES",
      "city": "Richmond",
      "lat": 32.1074647,
      "long": 91.64259272
    },
    {
      "Name": "GLOBAL OPERATION TEXAS LP",
      "city": "Renton",
      "lat": 29.35981331,
      "long": 93.37341118
    },
    {
      "Name": "GOBEL & PARTNER",
      "city": "New Rochelle",
      "lat": 31.89071701,
      "long": 106.70469965
    },
    {
      "Name": "HANTZ BENEFIT SERVICES",
      "city": "San Bernardino",
      "lat": 38.90942586,
      "long": 92.32478523
    },
    {
      "Name": "HELLERMANN TYTON AB",
      "city": "Tokyo",
      "lat": 25.55493909,
      "long": 89.17619584
    },
    {
      "Name": "HORN TECALEMIT GMBH & CO. KG",
      "city": "Beaverton",
      "lat": 33.15984257,
      "long": 107.72177199
    },
    {
      "Name": "HUSQVARNA FLYTT & MÖBEL TRANS.",
      "city": "Manoa",
      "lat": 22.01318726,
      "long": 101.24760147
    },
    {
      "Name": "Ing. Jan Mendek",
      "city": "Gastonia",
      "lat": 22.16958554,
      "long": 93.45191316
    },
    {
      "Name": "INTELECTOOLS B. I. INFORMATICA LTDA",
      "city": "Jackson",
      "lat": 27.65966822,
      "long": 101.85577309
    },
    {
      "Name": "IPRO AS",
      "city": "Mesquite",
      "lat": 25.90909436,
      "long": 91.91286582
    },
    {
      "Name": "PRECIALP",
      "city": "Richardson",
      "lat": 25.63311747,
      "long": 87.58399047
    }
  ],


  "HQLocations": [{
      "Name": "CARGILL GHANA LTD",
      "city": "SÃO PAULO",
      "lat": -23.54867,
      "long": -46.638248
    },
    {
      "Name": "CARGILL, INCORPORATED",
      "city": "Dongguan City",
      "lat": 23.050831,
      "long": 113.742783
    },
    {
      "Name": "Berry Plastics Group, Inc.",
      "city": "JUNDIAI",
      "lat": -23.18708,
      "long": -46.884048
    },
    {
      "Name": "IPG",
      "city": "NOVI",
      "lat": 42.46659,
      "long": -83.4747
    },
    {
      "Name": "AT&T CORP.",
      "city": "ROCHESTER HILLS",
      "lat": 42.6524,
      "long": -83.13256
    },
    {
      "Name": "CLYDE MACHINES, INC.",
      "city": "SOLBERGELVA",
      "lat": 59.76228,
      "long": 10.0938
    },
    {
      "Name": "ESRP ADVISORY DALLAS, LLC",
      "city": "Traun",
      "lat": 48.22105,
      "long": 14.23712
    },
    {
      "Name": "GLOBAL GROUND SUPPORT, LLC",
      "city": "WAKEFIELD",
      "lat": 53.682968,
      "long": -1.4991
    },
    {
      "Name": "HARRIS & FORD, LLC",
      "city": "Chadonnet",
      "lat": 46.01515,
      "long": 2.64043
    },
    {
      "Name": "INTERFACE, INC.",
      "city": "Teichstrasse",
      "lat": 48.01521,
      "long": 15.44123
    },
    {
      "Name": "JOHN BEAN TECHNOLOGIES CORPORATION",
      "city": "HERNING",
      "lat": 56.13848,
      "long": 8.97318
    },
    {
      "Name": "MILLIKEN & COMPANY",
      "city": "MALMOE",
      "lat": 55.60331,
      "long": 13.00131
    },
    {
      "Name": "PURECIRCLE USA INC.",
      "city": "MOUNT PROSPECT",
      "lat": 42.066418,
      "long": -87.937294
    },
    {
      "Name": "QUALITY SAUSAGE COMPANY, INC.",
      "city": "CONROE",
      "lat": 30.3130406,
      "long": -95.458138
    },
    {
      "Name": "RECORD PRINTING CO., INC. OF STORY CITY",
      "city": "Orem",
      "lat": 40.297119,
      "long": -111.695007
    },
    {
      "Name": "Rousselot Dubuque Inc.",
      "city": "Inglewood",
      "lat": 33.961681,
      "long": -118.353134
    },
    {
      "Name": "SAGE PARTS PLUS, INC.",
      "city": "Ottawa",
      "lat": 45.421532,
      "long": -75.697189
    },
    {
      "Name": "SQC, LLC",
      "city": "Dayton",
      "lat": 39.758949,
      "long": -84.191605
    },
    {
      "Name": "TONY DOWNS FOODS CO.",
      "city": "Winnipeg",
      "lat": 49.895138,
      "long": -97.138374
    },
    {
      "Name": "TRANSPERFECT, INC.",
      "city": "Santo Domingo",
      "lat": 23.325150,
      "long": -101.735931
    },
    {
      "Name": "Thompsons Limited",
      "city": "Veracruz",
      "lat": 19.173773,
      "long": -96.134224
    },
    {
      "Name": "Kelly Services (Parent)",
      "city": "Four Corners",
      "lat": -8.89932057,
      "long": -48.17229583
    },
    {
      "Name": "Thermo Fisher Scientific",
      "city": "Bern",
      "lat": 1.39350634,
      "long": -52.49923041
    },
    {
      "Name": "UPS",
      "city": "Chisinau",
      "lat": -8.51703135,
      "long": -46.15223241
    },
    {
      "Name": "CBRE Group Inc.",
      "city": "Honolulu",
      "lat": 21.306944,
      "long": -157.858337
    },
    {
      "Name": "Gel",
      "city": "Bishkek",
      "lat": -19.82691148,
      "long": -55.16539442
    },
    {
      "Name": "ESSENTRA INDUSTRIA E COMERCIO LTDA",
      "city": "Astoria",
      "lat": 25.3977796,
      "long": 97.21345051
    },
    {
      "Name": "EWES Asia Pacific HK Ltd",
      "city": "Sawgrass Mills Mal",
      "lat": 36.47535794,
      "long": 102.92880082
    },
    {
      "Name": "FLORICULTURA VILLA BELLA LTDA ME",
      "city": "Alofi",
      "lat": 48.05293826,
      "long": 98.68713686
    },
    {
      "Name": "POTBELLY SANDWICH SHOP (POTBELLY  CORPORATION)",
      "city": "Alta",
      "lat": 26.15922483,
      "long": 96.38050102
    },
    {
      "Name": "3 DIMENSIONAL SERVICES",
      "city": "Back Bay",
      "lat": 42.73964022,
      "long": 106.47842557
    },
    {
      "Name": "3A PRODUKTER ASBJØRN ANTONSEN",
      "city": "Port-au-Prince",
      "lat": 44.28391016,
      "long": 96.57541846
    },
    {
      "Name": "3D - Messtechnik GmbH",
      "city": "Richmond",
      "lat": 32.1074647,
      "long": 91.64259272
    },
    {
      "Name": "5 STAR LOCAL CARS",
      "city": "Renton",
      "lat": 29.35981331,
      "long": 93.37341118
    },
    {
      "Name": "A RAYMOND FLUID CONNECTION FRANCE",
      "city": "New Rochelle",
      "lat": 31.89071701,
      "long": 106.70469965
    },
    {
      "Name": "A. RAYMOND GMBH & CO. KG",
      "city": "San Bernardino",
      "lat": 38.90942586,
      "long": 92.32478523
    },
    {
      "Name": "A/S JYDSK ALUMINIUM INDUSTRI",
      "city": "Tokyo",
      "lat": 25.55493909,
      "long": 89.17619584
    },
    {
      "Name": "JARLE HUSEBY GRAVESERVICE",
      "city": "Beaverton",
      "lat": 33.15984257,
      "long": 107.72177199
    },
    {
      "Name": "JESSE HENRIKSON",
      "city": "Manoa",
      "lat": 22.01318726,
      "long": 101.24760147
    },
    {
      "Name": "I.T. SUPRIMENTOS LTDA.-EPP",
      "city": "Gastonia",
      "lat": 22.16958554,
      "long": 93.45191316
    },
    {
      "Name": "MONS BRYNILDSRUD MASKIN",
      "city": "Jackson",
      "lat": 27.65966822,
      "long": 101.85577309
    },
    {
      "Name": "MULT COMERCIAL LTDA",
      "city": "Mesquite",
      "lat": 25.90909436,
      "long": 91.91286582
    },
    {
      "Name": "PPO SK s.r.o.",
      "city": "Richardson",
      "lat": 25.63311747,
      "long": 87.58399047
    },
    {
      "Name": "QT-BRIGHTEK CORPORATION",
      "city": "Grafton",
      "lat": 42.44323814,
      "long": 105.15448349
    },
    {
      "Name": "RL SISTEMAS DE HIGIENE LTDA.",
      "city": "Reno",
      "lat": 21.23164395,
      "long": 95.18462931
    },
    {
      "Name": "Schuchart Tief- und Straßenbau",
      "city": "Tucson",
      "lat": 22.94450882,
      "long": 99.20976316
    },
    {
      "Name": "SERTHI HIDRAULICA LTDA",
      "city": "Bearden",
      "lat": 28.93620881,
      "long": 12.83267198
    },
    {
      "Name": "STOLBERGER INCORPORATED DBA",
      "city": "Washington Heights",
      "lat": 24.46781875,
      "long": 34.23178557
    },
    {
      "Name": "TERUKO TANAKA - ME",
      "city": "Des Plaines",
      "lat": 39.12729355,
      "long": 19.98003495
    },
    {
      "Name": "Texcentrum s. r. o",
      "city": "Waterloo",
      "lat": 36.74943138,
      "long": 34.61028458
    },
    {
      "Name": "Geld Inc",
      "city": "Southpark Mall",
      "lat": 39.61078732,
      "long": 36.29381765
    },
    {
      "Name": "Bankkártyás fizetés",
      "city": "Timbuktu",
      "lat": 16.35109437,
      "long": 20.32736636
    },
    {
      "Name": "DER GEGENPOL",
      "city": "Flour Bluff",
      "lat": 30.88092816,
      "long": 24.96397433
    },
    {
      "Name": "(HWL) Chongqing Hengweilin Automotive",
      "city": "Palmyra",
      "lat": 40.91068006,
      "long": 17.15113254
    },
    {
      "Name": "(Shanghai Pudong) PULU Hardware",
      "city": "Ames",
      "lat": 42.030781,
      "long": -93.631912
    },
    {
      "Name": "(Shanghai Pudong) PUYU Industry",
      "city": "Nampa",
      "lat": 23.37385853,
      "long": 32.58125015
    },
    {
      "Name": "(Shijiazhuang Yecheng) DAYING",
      "city": "Nairobi",
      "lat": 17.13052565,
      "long": 17.1182369
    },
    {
      "Name": "(Yancheng Economic Devlp. Zone)",
      "city": "Sigma",
      "lat": 17.62265624,
      "long": 29.6111666
    },
    {
      "Name": "(Zhejiang Cixi) JINGFENG",
      "city": "Mackville",
      "lat": 21.77301589,
      "long": 21.08243462
    },
    {
      "Name": "(Zhejiang Yuhuan County) XIANDAI",
      "city": "Mission Viejo",
      "lat": 19.87043693,
      "long": 15.40694363
    },
    {
      "Name": "1 STOP JETTING LIMITED",
      "city": "Orem",
      "lat": 44.87800264,
      "long": 10.8330245
    },
    {
      "Name": "1&1 Internet Inc",
      "city": "Inglewood",
      "lat": 41.05856972,
      "long": 11.02522775
    },
    {
      "Name": "1. Plastcompany, spol. s.r.o.",
      "city": "Ponce",
      "lat": 50.8646969,
      "long": 12.73677906
    },
    {
      "Name": "1000 MARCAS LTDA",
      "city": "Los Serranos",
      "lat": 56.31677988,
      "long": -3.04012178
    },
    {
      "Name": "1001 SERVIÇOS FECILITES EIRELI-ME",
      "city": "Hamilton",
      "lat": 55.60486438,
      "long": 22.75973377
    },
    {
      "Name": "123 preklady.eu Slovakia, s.r.o.",
      "city": "Dayton",
      "lat": 60.72275933,
      "long": 6.5669651
    },
    {
      "Name": "24 FIRE AND SECURITY LTD",
      "city": "Farmington",
      "lat": 52.46349377,
      "long": 18.03972954
    },
    {
      "Name": "247 LOGISTIC AB",
      "city": "Chisinau",
      "lat": 56.75161173,
      "long": 40.52158985
    },
    {
      "Name": "2a CAD GLOBAL GROUP SL",
      "city": "Harlem",
      "lat": 70.5562756,
      "long": 98.30315647
    },
    {
      "Name": "2Am Group LLC",
      "city": "Columbia",
      "lat": 70.15676441,
      "long": 113.26068056
    },
    {
      "Name": "2CPRINT",
      "city": "Montgomery",
      "lat": 61.52789182,
      "long": 92.7701364
    },
    {
      "Name": "2Mservices s.r.o..",
      "city": "Nicosia",
      "lat": 49.44228726,
      "long": 96.30035648
    },
    {
      "Name": "2R SRL",
      "city": "Perth",
      "lat": -31.950527,
      "long": 115.860458
    },
    {
      "Name": "3D - Messtechnik GmbH",
      "city": "Edmonton",
      "lat": 53.544388,
      "long": -113.490929
    }
  ]
}